placenta_id	chromosome	phasing_quadrant	n_shared_variants	n_biased_Q1	n_biased_Q2	n_biased_Q3	n_biased_Q4	median_phased_allele_balance_Q1	median_phased_allele_balance_Q2	median_phased_allele_balance_Q3	median_phased_allele_balance_Q4
Plac_HDP10	chrX	Q4	102	32	35	46	54	0.44079555966697503	0.3675177304964539	0.7327067669172932	0.8196869355809753
Plac_HDP09	chrX	Q4	93	38	46	42	54	0.7058823529411765	0.7777777777777778	0.7487179487179487	0.8421052631578947
Plac_HDP08	chrX	Q2	110	76	80	72	68	0.06904761904761905	0.9230769230769231	0.908695652173913	0.16117810760667903
Plac_HDP01	chrX	Q2	696	692	693	692	692	1.0	1.0	1.0	1.0
Plac_CON10	chrX	Q2	84	43	53	5	37	0.8090909090909091	0.8756443298969072	0.48380355276907006	0.719047619047619
Plac_CON06	chrX	Q4	99	81	87	87	90	1.0	1.0	1.0	1.0
Plac_CON05	chrX	Q1	85	74	71	70	59	1.0	1.0	1.0	1.0
Plac_CON03	chrX	Q4	124	40	97	79	100	0.7391304347826086	0.9393382352941176	0.875	0.9718253968253968
Plac_CON02	chrX	Q3	110	57	51	67	55	0.8150611071171818	0.36408857509627723	0.8917222301035608	0.788855116514691
