placenta_id	chromosome	phasing_quadrant	n_shared_variants	n_biased_Q1	n_biased_Q2	n_biased_Q3	n_biased_Q4	median_phased_allele_balance_Q1	median_phased_allele_balance_Q2	median_phased_allele_balance_Q3	median_phased_allele_balance_Q4
Plac_HDP10	chrX	Q4	102	32	35	46	54	0.4559836418424451	0.37416666666666665	0.728021978021978	0.8196869355809753
Plac_HDP09	chrX	Q4	93	38	46	42	54	0.735632183908046	0.8	0.7686567164179104	0.8421052631578947
Plac_HDP08	chrX	Q2	110	76	80	72	68	0.06559139784946236	0.9230769230769231	0.9118873611627234	0.1567266625991458
Plac_HDP01	chrX	Q2	99	72	75	19	53	0.9166666666666666	0.9428571428571428	0.43596059113300495	0.20689655172413793
Plac_CON10	chrX	Q2	84	43	53	5	37	0.8213716108452951	0.8756443298969072	0.5	0.688375350140056
Plac_CON06	chrX	Q1	83	52	40	41	7	0.875	0.26666666666666666	0.23076923076923078	0.5319148936170213
Plac_CON05	chrX	Q2	104	52	76	67	73	0.2508148631029987	0.9154761904761904	0.8681159420289855	0.9296296296296296
Plac_CON03	chrX	Q4	124	40	97	79	100	0.7391304347826086	0.9393382352941176	0.8708333333333333	0.9718253968253968
Plac_CON02	chrX	Q3	110	57	51	67	55	0.8150611071171818	0.36408857509627723	0.8917222301035608	0.8
