placenta_id	chromosome	phasing_quadrant	n_shared_variants	n_biased_Q1	n_biased_Q2	n_biased_Q3	n_biased_Q4	median_phased_allele_balance_Q1	median_phased_allele_balance_Q2	median_phased_allele_balance_Q3	median_phased_allele_balance_Q4
Plac_HDP01	chrX	Q2	696	692	693	692	692	1.0	1.0	1.0	1.0
Plac_CON03	chrX	Q4	124	40	97	79	100	0.7427626137303557	0.9393382352941176	0.875	0.9718253968253968
Plac_HDP08	chrX	Q2	110	76	80	72	68	0.06904761904761905	0.9230769230769231	0.908695652173913	0.16117810760667903
Plac_CON02	chrX	Q3	110	57	51	67	55	0.8150611071171818	0.4006578947368421	0.8917222301035608	0.7885714285714285
Plac_HDP10	chrX	Q4	102	32	35	46	54	0.4559836418424451	0.4034263608731694	0.728021978021978	0.8196869355809753
Plac_CON06	chrX	Q4	99	81	87	87	90	1.0	1.0	1.0	1.0
Plac_HDP09	chrX	Q4	93	38	46	42	54	0.7213114754098361	0.7745664739884393	0.7368421052631579	0.8421052631578947
Plac_CON05	chrX	Q1	85	74	71	70	59	1.0	1.0	1.0	1.0
Plac_CON10	chrX	Q2	84	43	53	5	37	0.8213716108452951	0.8756443298969072	0.4927183763282087	0.719047619047619
